Workbook

Sheet Intro
A1: Before you start, fill out this information below
A3: Scale | B3: 1 | C3: How big did you scale the model before printing?
A4: X E-steps | B4: 40 | C4: Your printer's current E-steps (M503), or rotation_distance in Klipper printer.cfg
A5: Y E-steps | B5: 40 | C5: Your printer's current E-steps (M503), or rotation_distance in Klipper printer.cfg
A6: Caliper error (mm) | B6: 0.01 | C6: How precise your calipers are. Note: digital calipers, even though they read to the nearest 0.01mm, are often only actually accurate to 0.02mm
A7: Use sample error | B7: TRUE | C7: Whether or not you want to use the measurements in the estimate of error, or just the caliper error you inputted above. You'll probably get smaller error estimates here, but they will likely be smaller than they actually are

Sheet Post-print worksheet
A1: Your measurements
A3: Measurement location | B3: Measurement 1 | C3: Measurement 2 | D3: Measurement 3 | E3: Average | F3: Expected input
A4: 1 | E4: =AVERAGE(B4:D4) -> #DIV/0! | F4: =100*Intro!$B$3 -> 100
A5: 2 | E5: =AVERAGE(B5:D5) -> #DIV/0! | F5: =Intro!$B$3*50 -> 50
A6: 3 | E6: =AVERAGE(B6:D6) -> #DIV/0! | F6: =100*Intro!$B$3 -> 100
A7: 4 | E7: =AVERAGE(B7:D7) -> #DIV/0! | F7: =Intro!$B$3*50 -> 50
A8: 5 | E8: =AVERAGE(B8:D8) -> #DIV/0! | F8: =100*Intro!$B$3 -> 100
A9: 6 | E9: =AVERAGE(B9:D9) -> #DIV/0! | F9: =Intro!$B$3*50 -> 50
A10: 7 | E10: =AVERAGE(B10:D10) -> #DIV/0! | F10: =100*Intro!$B$3 -> 100
A11: 8 | E11: =AVERAGE(B11:D11) -> #DIV/0! | F11: =Intro!$B$3*50 -> 50
A12: 9 | E12: =AVERAGE(B12:D12) -> #DIV/0! | F12: =100*Intro!$B$3 -> 100
A13: 10 | E13: =AVERAGE(B13:D13) -> #DIV/0! | F13: =100*Intro!$B$3 -> 100
B15: Green means within 0.5mm of expected input (does not mean your printer is calibrated!!)
B16: Yellow means your measurement is more than 0.5mm and less than 1mm of the expected input. Please double check your measurement
B17: Your measurement is more than 1mm away from expected input. Did you scale the model and forget to update the scale factor on intro sheet?
A19: Results
A20: Dimensional correctness
B21: Error | C21: 1-sigma Error | D21: Correction | F21: Key
A22: X | B22: =((E4-F4)/F4 + (E5-F5)/F5 + (E6-F6)/F6 + (E7-F7)/F7)/(4) -> #DIV/0! | C22: =Helper!H22 -> 2.6352314e-05 | D22: =-B22 -> #DIV/0! | F22: Your printer is calibrated to within one standard deviation. Hooray!
A23: Y | B23: =((E8-F8)/F8 + (E9-F9)/F9 + (E10-F10)/F10 + (E11-F11)/F11)/(4) -> #DIV/0! | C23: =Helper!H28 -> 2.6352314e-05 | D23: =-B23 -> #DIV/0! | F23: Your printer is calibrated to within two standard deviations. Not bad!
A24: Skew angle | F24: Your printer is calibrated to within three standard deviations. You
B25: Measured | C25: 1-sigma Error | D25: Correction | G25: may still be able to do some adjustments
A26: Angle of parallelogram | B26: =ACOS(((E12^2-E13^2)/(4*2*50*50*Intro!B3*Intro!B3*SUM(E4:E7)/300*SUM(E8:E11)/300)))*180/PI() -> #DIV/0! | C26: =Helper!B25 -> #DIV/0! | F26: Your printer is not yet calibrated
A27: Skew | B27: =B26-90 -> #DIV/0! | C27: =Helper!B25 -> #DIV/0! | D27: =-B27 -> #DIV/0!
A30: Note: you may see a lot of #DIV/0! before you fill out your measurements. That's OK!

Sheet Fixing your printer
A1: Calibrating your printer
A2: Klipper | H2: Marlin
A3: See the Klipper documentation for details. https://www.klipper3d.org/Skew_Correction.html?q= | H3: In a console, paste the following:
A4: For your printer, use | I4: ="M92 X"&ROUND(Intro!B4*(SUM('Post-print worksheet'!E4:E7)/3)/100,3)&" Y"&ROUND(Intro!B5*(SUM('Post-print worksheet'!E8:E11)/3)/100,3) -> #DIV/0!
A5: ="Length AC = "&ROUND('Post-print worksheet'!E12,2) -> #DIV/0! | H5: You should see "Recv. ok"
A6: ="Length BD = "&ROUND('Post-print worksheet'!E13,2) -> #DIV/0! | H6: Then type M500 in your console to save the settings
A7: ="Length AD = "&ROUND(SUM('Post-print worksheet'!E4:E7)/(3*2*Intro!B3)*SQRT(2),2) -> #DIV/0!
H8: Skew compensation coming soon!
A9: In your printer.cfg, adjust
A10: rotation_distance: | B10: =Intro!B4*(SUM('Post-print worksheet'!E4:E7)/3)/100 -> #DIV/0! | C10: in [stepper_x]
A11: rotation_distance: | B11: =Intro!B5*(SUM('Post-print worksheet'!E8:E11)/3)/100 -> #DIV/0! | C11: in [stepper_y]

Sheet Helper
A1: Just some math to do the skew calculation and error propagations
B3: Number of measurements | C3: Sampe stdev | D3: Estimated error
A4: 1 | B4: =COUNT('Post-print worksheet'!B4:D4) -> 0 | C4: =IF(AND(Intro!$B$7,B4>1),STDEV('Post-print worksheet'!B4:D4),0) -> 0 | D4: =SQRT((Intro!$B$6/3)^2+C4^2) -> 0.0033333333
A5: 2 | B5: =COUNT('Post-print worksheet'!B5:D5) -> 0 | C5: =IF(AND(Intro!$B$7,B5>1),STDEV('Post-print worksheet'!B5:D5),0) -> 0 | D5: =SQRT((Intro!$B$6/3)^2+C5^2) -> 0.0033333333
A6: 3 | B6: =COUNT('Post-print worksheet'!B6:D6) -> 0 | C6: =IF(AND(Intro!$B$7,B6>1),STDEV('Post-print worksheet'!B6:D6),0) -> 0 | D6: =SQRT((Intro!$B$6/3)^2+C6^2) -> 0.0033333333
A7: 4 | B7: =COUNT('Post-print worksheet'!B7:D7) -> 0 | C7: =IF(AND(Intro!$B$7,B7>1),STDEV('Post-print worksheet'!B7:D7),0) -> 0 | D7: =SQRT((Intro!$B$6/3)^2+C7^2) -> 0.0033333333
A8: 5 | B8: =COUNT('Post-print worksheet'!B8:D8) -> 0 | C8: =IF(AND(Intro!$B$7,B8>1),STDEV('Post-print worksheet'!B8:D8),0) -> 0 | D8: =SQRT((Intro!$B$6/3)^2+C8^2) -> 0.0033333333
A9: 6 | B9: =COUNT('Post-print worksheet'!B9:D9) -> 0 | C9: =IF(AND(Intro!$B$7,B9>1),STDEV('Post-print worksheet'!B9:D9),0) -> 0 | D9: =SQRT((Intro!$B$6/3)^2+C9^2) -> 0.0033333333
A10: 7 | B10: =COUNT('Post-print worksheet'!B10:D10) -> 0 | C10: =IF(AND(Intro!$B$7,B10>1),STDEV('Post-print worksheet'!B10:D10),0) -> 0 | D10: =SQRT((Intro!$B$6/3)^2+C10^2) -> 0.0033333333
A11: 8 | B11: =COUNT('Post-print worksheet'!B11:D11) -> 0 | C11: =IF(AND(Intro!$B$7,B11>1),STDEV('Post-print worksheet'!B11:D11),0) -> 0 | D11: =SQRT((Intro!$B$6/3)^2+C11^2) -> 0.0033333333
A12: 9 | B12: =COUNT('Post-print worksheet'!B12:D12) -> 0 | C12: =IF(AND(Intro!$B$7,B12>1),STDEV('Post-print worksheet'!B12:D12),0) -> 0 | D12: =SQRT((Intro!$B$6/3)^2+C12^2) -> 0.0033333333
A13: 10 | B13: =COUNT('Post-print worksheet'!B13:D13) -> 0 | C13: =IF(AND(Intro!$B$7,B13>1),STDEV('Post-print worksheet'!B13:D13),0) -> 0 | D13: =SQRT((Intro!$B$6/3)^2+C13^2) -> 0.0033333333
B16: Uncertainty propagation for skew | G16: Uncertainty propagation for x/y scaling
B17: Value | C17: sigma | D17: Gradient | E17: sigma*Grad | G17: grad_x | H17: sigma*grad
A18: p | B18: ='Post-print worksheet'!E12 -> #DIV/0! | C18: =D12 -> 0.0033333333 | D18: =-B18/(2*B20*B21*SIN(B23*PI()/180)) -> #DIV/0! | E18: =C18*D18 -> #DIV/0! | G18: =1/(4*'Post-print worksheet'!F4) -> 0.0025 | H18: =D4*G18 -> 8.3333333e-06
A19: q | B19: ='Post-print worksheet'!E13 -> #DIV/0! | C19: =D13 -> 0.0033333333 | D19: =B19/(2*B20*B21*SIN(B23*PI()/180)) -> #DIV/0! | E19: =C19*D19 -> #DIV/0! | G19: =1/(4*'Post-print worksheet'!F5) -> 0.005 | H19: =D5*G19 -> 1.6666667e-05
A20: a | B20: =SQRT(2)*50*SUM('Post-print worksheet'!E4:E7)/300 -> #DIV/0! | C20: =SQRT(2)*50*SQRT(SUMSQ(D4:D7))/300 -> 0.0015713484 | D20: =(B18^2-B19^2)/(4*B20^2*B21*SIN(B23*PI()/180)) -> #DIV/0! | E20: =C20*D20 -> #DIV/0! | G20: =1/(4*'Post-print worksheet'!F6) -> 0.0025 | H20: =D6*G20 -> 8.3333333e-06
A21: b | B21: =SQRT(2)*50*SUM('Post-print worksheet'!E8:E11)/300 -> #DIV/0! | C21: =SQRT(2)*50*SQRT(SUMSQ(D8:D11))/300 -> 0.0015713484 | D21: =(B18^2-B19^2)/(4*B20*B21^2*SIN(B23*PI()/180)) -> #DIV/0! | E21: =C21*D21 -> #DIV/0! | G21: =1/(4*'Post-print worksheet'!F7) -> 0.005 | H21: =D7*G21 -> 1.6666667e-05
A22: cos(angle) | B22: =(B18^2-B19^2)/(4*B20*B21) -> #DIV/0! | G22: x calib error | H22: =SQRT(SUMSQ(H18:H21)) -> 2.6352314e-05
A23: angle | B23: =ACOS(B22)*180/PI() -> #DIV/0! | G23: grad_y
A24: skew | B24: =B23-90 -> #DIV/0! | G24: =1/(4*'Post-print worksheet'!F8) -> 0.0025 | H24: =D8*G24 -> 8.3333333e-06
A25: skew standard deviation | B25: =SQRT(SUMSQ(E18:E21))*180/PI() -> #DIV/0! | G25: =1/(4*'Post-print worksheet'!F9) -> 0.005 | H25: =D9*G25 -> 1.6666667e-05
G26: =1/(4*'Post-print worksheet'!F10) -> 0.0025 | H26: =D10*G26 -> 8.3333333e-06
G27: =1/(4*'Post-print worksheet'!F11) -> 0.005 | H27: =D11*G27 -> 1.6666667e-05
G28: y calib error | H28: =SQRT(SUMSQ(H24:H27)) -> 2.6352314e-05
